rows,columns,threads,time
8000,8000,0,0.538921
8000,8000,0,0.427232
8000,8000,0,0.415166
8000,8000,0,0.418977
8000,8000,0,0.422951
8000,8000,0,0.424888
8000,8000,0,0.428572
8000,8000,0,0.431727
8000,8000,0,0.434137
8000,8000,0,0.428218
8000,8000,0,0.431167
8000,8000,0,0.409745
8000,8000,0,0.409413
8000,8000,0,0.413491
8000,8000,0,0.416512
8000,8000,0,0.421205
8000,8000,0,0.425214
8000,8000,0,0.427334
8000,8000,0,0.424960
8000,8000,0,0.429111
8000,8000,0,0.404922
8000,8000,0,0.410669
8000,8000,0,0.411521
8000,8000,0,0.415345
8000,8000,0,0.419971
8000,8000,0,0.422602
8000,8000,0,0.424953
8000,8000,0,0.426900
8000,8000,0,0.430850
8000,8000,0,0.406391
8000,8000,0,0.412406
8000,8000,0,0.413424
8000,8000,0,0.418226
8000,8000,0,0.422794
8000,8000,0,0.425726
8000,8000,0,0.422135
8000,8000,0,0.425805
8000,8000,0,0.429143
8000,8000,0,0.404478
8000,8000,0,0.409243
8000,8000,0,0.412439
8000,8000,0,0.417770
8000,8000,0,0.420861
8000,8000,0,0.422006
8000,8000,0,0.423963
8000,8000,0,0.426375
8000,8000,0,0.429427
8000,8000,0,0.404917
8000,8000,0,0.435340
8000,8000,0,0.406755
8000,8000,0,0.409200
8000,8000,0,0.413682
8000,8000,0,0.416309
8000,8000,0,0.411332
8000,8000,0,0.413901
8000,8000,0,0.417487
8000,8000,0,0.421891
8000,8000,0,0.425518
8000,8000,0,0.427081
8000,8000,0,0.430841
8000,8000,0,0.406350
8000,8000,0,0.436128
8000,8000,0,0.426374
8000,8000,0,0.428392
8000,8000,0,0.404538
8000,8000,0,0.409323
8000,8000,0,0.409807
8000,8000,0,0.411395
8000,8000,0,0.413411
8000,8000,0,0.416581
8000,8000,0,0.418234
8000,8000,0,0.409918
8000,8000,0,0.413941
8000,8000,0,0.416062
8000,8000,0,0.415029
8000,8000,0,0.412981
8000,8000,0,0.416758
8000,8000,0,0.417096
8000,8000,0,0.416849
8000,8000,0,0.419865
8000,8000,0,0.411666
8000,8000,0,0.414715
8000,8000,0,0.414480
8000,8000,0,0.409138
8000,8000,0,0.410513
8000,8000,0,0.438056
8000,8000,0,0.433115
8000,8000,0,0.406627
8000,8000,0,0.436811
8000,8000,0,0.432558
8000,8000,0,0.429312
8000,8000,0,0.421755
8000,8000,0,0.424638
8000,8000,0,0.420855
8000,8000,0,0.436977
8000,8000,0,0.489130
8000,8000,0,0.534041
8000,8000,0,0.579206
8000,8000,0,0.596036
8000,8000,0,0.627318
8000,8000,0,0.657277
8000,8000,0,0.687985
8000,8000,0,0.689098
8000,8000,0,0.723121
8000,8000,0,0.712128
8000,8000,0,0.704708
8000,8000,0,0.744236
8000,8000,0,0.776941
8000,8000,0,0.740260
8000,8000,0,0.744980
8000,8000,0,0.750243
8000,8000,0,0.755291
8000,8000,0,0.759338
8000,8000,0,0.752854
8000,8000,0,0.760028
8000,8000,0,0.737321
8000,8000,0,0.744442
8000,8000,0,0.749083
8000,8000,0,0.756483
8000,8000,0,0.740040
8000,8000,0,0.744954
8000,8000,0,0.752093
8000,8000,0,0.756462
8000,8000,0,0.737267
8000,8000,0,0.742903
8000,8000,0,0.750322
8000,8000,0,0.760102
8000,8000,0,0.755825
8000,8000,0,0.762252
8000,8000,0,0.737593
8000,8000,0,0.711566
8000,8000,0,0.749612
8000,8000,0,0.739583
8000,8000,0,0.747169
8000,8000,0,0.752379
8000,8000,0,0.758931
8000,8000,0,0.730864
8000,8000,0,0.739463
8000,8000,0,0.743969
8000,8000,0,0.753982
8000,8000,0,0.728810
8000,8000,0,0.738101
8000,8000,0,0.742760
8000,8000,0,0.751121
8000,8000,0,0.724178
8000,8000,0,0.762091
8000,8000,0,0.740779
8000,8000,0,0.746516
8000,8000,0,0.722892
8000,8000,0,0.760847
8000,8000,0,0.734386
8000,8000,0,0.744411
8000,8000,0,0.754810
8000,8000,0,0.726700
8000,8000,0,0.737676
8000,8000,0,0.741814
8000,8000,0,0.717752
8000,8000,0,0.760535
8000,8000,0,0.705743
8000,8000,0,0.744642
8000,8000,0,0.752834
8000,8000,0,0.726457
8000,8000,0,0.740593
8000,8000,0,0.714905
8000,8000,0,0.751931
8000,8000,0,0.759239
8000,8000,0,0.704286
8000,8000,0,0.746117
8000,8000,0,0.718309
8000,8000,0,0.758601
8000,8000,0,0.702598
8000,8000,0,0.742321
8000,8000,0,0.749416
8000,8000,0,0.725981
8000,8000,0,0.735565
8000,8000,0,0.713669
8000,8000,0,0.754369
8000,8000,0,0.729666
8000,8000,0,0.739201
8000,8000,0,0.714246
8000,8000,0,0.755123
8000,8000,0,0.702602
8000,8000,0,0.740967
8000,8000,0,0.716861
8000,8000,0,0.754798
8000,8000,0,0.730992
8000,8000,0,0.738974
8000,8000,0,0.713499
8000,8000,0,0.753576
8000,8000,0,0.724544
8000,8000,0,0.739418
8000,8000,0,0.714386
8000,8000,0,0.756869
8000,8000,0,0.704136
8000,8000,0,0.744479
8000,8000,0,0.722155
8000,8000,0,0.737175
8000,8000,0,0.710582
8000,8000,0,0.753708
8000,8000,0,0.726692
8000,8000,0,0.742059
8000,8000,0,0.716962
8000,8000,0,0.754728
8000,8000,0,0.703179
8000,8000,0,0.746945
8000,8000,0,0.722544
8000,8000,0,0.737819
8000,8000,0,0.713437
8000,8000,0,0.757354
8000,8000,0,0.707907
8000,8000,0,0.750167
8000,8000,0,0.721131
8000,8000,0,0.740242
8000,8000,0,0.712436
8000,8000,0,0.706347
8000,8000,0,0.744802
8000,8000,0,0.717558
8000,8000,0,0.754995
8000,8000,0,0.703339
8000,8000,0,0.744451
8000,8000,0,0.722617
8000,8000,0,0.709297
8000,8000,0,0.745188
8000,8000,0,0.722036
8000,8000,0,0.736407
8000,8000,0,0.712835
8000,8000,0,0.756210
8000,8000,0,0.706257
8000,8000,0,0.725015
8000,8000,0,0.737366
8000,8000,0,0.711662
8000,8000,0,0.752744
8000,8000,0,0.700505
8000,8000,0,0.742789
8000,8000,0,0.720847
8000,8000,0,0.711949
8000,8000,0,0.747048
8000,8000,0,0.722429
8000,8000,0,0.736933
8000,8000,0,0.713172
8000,8000,0,0.723107
8000,8000,0,0.756891
8000,8000,0,0.702994
8000,8000,0,0.742434
8000,8000,0,0.717198
8000,8000,0,0.710258
8000,8000,0,0.750877
8000,8000,0,0.700920
8000,8000,0,0.746177
8000,8000,0,0.721567
8000,8000,0,0.711812
8000,8000,0,0.747789
8000,8000,0,0.725579
8000,8000,0,0.737622
8000,8000,0,0.714377
8000,8000,0,0.707895
8000,8000,0,0.748099
8000,8000,0,0.724020
8000,8000,0,0.736880
8000,8000,0,0.713408
8000,8000,0,0.707881
8000,8000,0,0.751253
8000,8000,0,0.722502
8000,8000,0,0.705085
8000,8000,0,0.744640
8000,8000,0,0.720258
8000,8000,0,0.761678
8000,8000,0,0.709801
8000,8000,0,0.702670
8000,8000,0,0.741277
8000,8000,0,0.716580
8000,8000,0,0.710344
8000,8000,0,0.747614
8000,8000,0,0.719289
8000,8000,0,0.738616
8000,8000,0,0.711778
8000,8000,0,0.707033
8000,8000,0,0.744265
8000,8000,0,0.717181
8000,8000,0,0.733253
8000,8000,0,0.711858
8000,8000,0,0.707244
8000,8000,0,0.743490
8000,8000,0,0.719371
8000,8000,0,0.714427
8000,8000,0,0.750833
8000,8000,0,0.726931
8000,8000,0,0.707473
8000,8000,0,0.746730
8000,8000,0,0.720688
8000,8000,0,0.712980
8000,8000,0,0.750662
8000,8000,0,0.698123
8000,8000,0,0.707784
8000,8000,0,0.747490
8000,8000,0,0.723270
8000,8000,0,0.717494
8000,8000,0,0.756864
8000,8000,0,0.703103
8000,8000,0,0.721159
8000,8000,0,0.756087
8000,8000,0,0.706414
8000,8000,0,0.711509
8000,8000,0,0.752900
8000,8000,0,0.698975
8000,8000,0,0.723611
8000,8000,0,0.738917
8000,8000,0,0.712777
8000,8000,0,0.707681
8000,8000,0,0.744825
8000,8000,0,0.720927
8000,8000,0,0.711451
8000,8000,0,0.750173
8000,8000,0,0.698395
8000,8000,0,0.719594
8000,8000,0,0.758342
8000,8000,0,0.705449
8000,8000,0,0.726378
8000,8000,0,0.735473
8000,8000,0,0.709824
8000,8000,0,0.701747
8000,8000,0,0.740395
8000,8000,0,0.719638
8000,8000,0,0.713298
8000,8000,0,0.750888
8000,8000,0,0.701713
8000,8000,0,0.714304
8000,8000,0,0.749964
8000,8000,0,0.700420
8000,8000,0,0.719141
8000,8000,0,0.733564
8000,8000,0,0.711479
8000,8000,0,0.704027
8000,8000,0,0.743817
8000,8000,0,0.722284
8000,8000,0,0.712925
8000,8000,0,0.749031
8000,8000,0,0.698675
8000,8000,0,0.719961
8000,8000,0,0.731963
8000,8000,0,0.712771
8000,8000,0,0.704325
8000,8000,0,0.743666
8000,8000,0,0.717170
8000,8000,0,0.709995
8000,8000,0,0.749909
8000,8000,0,0.699300
8000,8000,0,0.720203
8000,8000,0,0.758711
8000,8000,0,0.705974
8000,8000,0,0.723622
8000,8000,0,0.735812
8000,8000,0,0.712398
8000,8000,0,0.708436
8000,8000,0,0.748014
8000,8000,0,0.698064
8000,8000,0,0.720445
8000,8000,0,0.758555
8000,8000,0,0.707556
8000,8000,0,0.704540
8000,8000,0,0.744086
8000,8000,0,0.719254
8000,8000,0,0.712505
8000,8000,0,0.749113
8000,8000,0,0.697637
8000,8000,0,0.717429
8000,8000,0,0.757048
8000,8000,0,0.702644
8000,8000,0,0.722720
8000,8000,0,0.761119
8000,8000,0,0.708307
8000,8000,0,0.756866
8000,8000,0,0.738406
8000,8000,0,0.713543
8000,8000,0,0.707657
8000,8000,0,0.770819
8000,8000,0,0.709862
8000,8000,0,0.701670
8000,8000,0,0.740689
8000,8000,0,0.719386
8000,8000,0,0.710414
8000,8000,0,0.752633
8000,8000,0,0.698506
8000,8000,0,0.720362
8000,8000,0,0.734544
8000,8000,0,0.714989
8000,8000,0,0.703874
8000,8000,0,0.741585
8000,8000,0,0.718398
8000,8000,0,0.711114
8000,8000,0,0.750834
8000,8000,0,0.718776
8000,8000,0,0.713647
8000,8000,0,0.753438
8000,8000,0,0.702396
8000,8000,0,0.723790
8000,8000,0,0.736001
8000,8000,0,0.712760
8000,8000,0,0.706726
8000,8000,0,0.746207
8000,8000,0,0.719550
8000,8000,0,0.713466
8000,8000,0,0.752769
8000,8000,0,0.701523
8000,8000,0,0.721402
8000,8000,0,0.733145
8000,8000,0,0.709706
8000,8000,0,0.703564
8000,8000,0,0.744079
8000,8000,0,0.718236
8000,8000,0,0.713656
8000,8000,0,0.747998
8000,8000,0,0.698548
8000,8000,0,0.719713
8000,8000,0,0.751870
8000,8000,0,0.721210
8000,8000,0,0.705610
8000,8000,0,0.744432
8000,8000,0,0.721502
8000,8000,0,0.716113
8000,8000,0,0.757936
8000,8000,0,0.704721
8000,8000,0,0.724966
8000,8000,0,0.734561
8000,8000,0,0.714819
8000,8000,0,0.722923
8000,8000,0,0.735832
8000,8000,0,0.716579
8000,8000,0,0.705903
8000,8000,0,0.746971
8000,8000,0,0.723262
8000,8000,0,0.716271
8000,8000,0,0.755372
8000,8000,0,0.706983
8000,8000,0,0.726187
8000,8000,0,0.739644
8000,8000,0,0.715654
8000,8000,0,0.708092
8000,8000,0,0.747363
8000,8000,0,0.723557
8000,8000,0,0.717438
8000,8000,0,0.780117
8000,8000,0,0.698649
8000,8000,0,0.721592
8000,8000,0,0.758842
8000,8000,0,0.709971
8000,8000,0,0.701527
8000,8000,0,0.742070
8000,8000,0,0.718677
8000,8000,0,0.710953
8000,8000,0,0.748132
8000,8000,0,0.697676
8000,8000,0,0.717662
8000,8000,0,0.755403
8000,8000,0,0.702332
8000,8000,0,0.724036
8000,8000,0,0.760741
8000,8000,0,0.708817
8000,8000,0,0.729462
8000,8000,0,0.735471
8000,8000,0,0.710532
8000,8000,0,0.717877
8000,8000,0,0.760156
8000,8000,0,0.707378
8000,8000,0,0.699589
8000,8000,0,0.741428
8000,8000,0,0.717724
8000,8000,0,0.711772
8000,8000,0,0.753861
8000,8000,0,0.701218
8000,8000,0,0.721680
8000,8000,0,0.738673
8000,8000,0,0.713153
8000,8000,0,0.705582
8000,8000,0,0.746670
8000,8000,0,0.696380
8000,8000,0,0.718442
8000,8000,0,0.758420
8000,8000,0,0.708210
8000,8000,0,0.724656
8000,8000,0,0.736457
8000,8000,0,0.711245
8000,8000,0,0.702583
8000,8000,0,0.741476
8000,8000,0,0.721329
8000,8000,0,0.715788
8000,8000,0,0.752825
8000,8000,0,0.704817
8000,8000,0,0.723985
8000,8000,0,0.735826
8000,8000,0,0.712987
8000,8000,0,0.705704
8000,8000,0,0.748175
8000,8000,0,0.724372
8000,8000,0,0.716166
8000,8000,0,0.754125
8000,8000,0,0.702857
8000,8000,0,0.726121
8000,8000,0,0.741518
8000,8000,0,0.713864
8000,8000,0,0.708963
8000,8000,0,0.746349
8000,8000,0,0.723140
8000,8000,0,0.715630
8000,8000,0,0.753937
8000,8000,0,0.703249
8000,8000,0,0.723011
8000,8000,0,0.735961
8000,8000,0,0.712092
8000,8000,0,0.702016
8000,8000,0,0.742596
8000,8000,0,0.716985
8000,8000,0,0.710294
8000,8000,0,0.748257
8000,8000,0,0.697332
8000,8000,0,0.719758
8000,8000,0,0.758909
8000,8000,0,0.707192
8000,8000,0,0.727697
8000,8000,0,0.738303
8000,8000,0,0.712110
8000,8000,0,0.704198
8000,8000,0,0.745085
8000,8000,0,0.697695
8000,8000,0,0.883464
8000,8000,0,0.707642
8000,8000,0,0.726898
8000,8000,0,0.738277
8000,8000,0,0.714450
8000,8000,0,0.707213
8000,8000,0,0.746793
8000,8000,0,0.721071
8000,8000,0,0.712729
8000,8000,0,0.752843
8000,8000,0,0.701185
8000,8000,0,0.723972
8000,8000,0,0.758832
8000,8000,0,0.710981
8000,8000,0,0.703796
8000,8000,0,0.742299
8000,8000,0,0.721906
8000,8000,0,0.711227
8000,8000,0,0.754068
8000,8000,0,0.703218
8000,8000,0,0.720849
8000,8000,0,0.736497
8000,8000,0,0.711239
8000,8000,0,0.703722
8000,8000,0,0.745634
8000,8000,0,0.721845
8000,8000,0,0.711709
8000,8000,0,0.743044
8000,8000,0,0.719427
8000,8000,0,0.712374
8000,8000,0,0.751063
8000,8000,0,0.699550
8000,8000,0,0.719794
8000,8000,0,0.759552
8000,8000,0,0.707059
8000,8000,0,0.727459
8000,8000,0,0.739563
8000,8000,0,0.715793
8000,8000,0,0.706869
8000,8000,0,0.743500
8000,8000,0,0.718798
8000,8000,0,0.712353
8000,8000,0,0.753545
8000,8000,0,0.703798
8000,8000,0,0.722933
8000,8000,0,0.740745
8000,8000,0,0.716452
8000,8000,0,0.710829
8000,8000,0,0.751872
8000,8000,0,0.701102
8000,8000,0,0.720273
8000,8000,0,0.759862
8000,8000,0,0.707682
8000,8000,0,0.705917
8000,8000,0,0.742492
8000,8000,0,0.718975
8000,8000,0,0.712163
8000,8000,0,0.752104
8000,8000,0,0.699418
8000,8000,0,0.719771
8000,8000,0,0.759168
8000,8000,0,0.708790
8000,8000,0,0.705241
8000,8000,0,0.742083
8000,8000,0,0.718522
8000,8000,0,0.710663
8000,8000,0,0.751261
8000,8000,0,0.700565
8000,8000,0,0.723568
8000,8000,0,0.734105
8000,8000,0,0.710829
8000,8000,0,0.702645
8000,8000,0,0.740871
8000,8000,0,0.718060
8000,8000,0,0.708753
8000,8000,0,0.750993
8000,8000,0,0.698594
8000,8000,0,0.720455
8000,8000,0,0.761985
8000,8000,0,0.708394
8000,8000,0,0.701141
8000,8000,0,0.742403
8000,8000,0,0.719459
8000,8000,0,0.714151
8000,8000,0,0.752797
8000,8000,0,0.704658
8000,8000,0,0.726233
8000,8000,0,0.736746
8000,8000,0,0.712150
8000,8000,0,0.704194
8000,8000,0,0.744063
8000,8000,0,0.719939
8000,8000,0,0.711448
8000,8000,0,0.749575
8000,8000,0,0.698079
8000,8000,0,0.717481
8000,8000,0,0.753681
8000,8000,0,0.702384
8000,8000,0,0.720485
8000,8000,0,0.757422
8000,8000,0,0.709498
8000,8000,0,0.702874
8000,8000,0,0.741776
8000,8000,0,0.719186
8000,8000,0,0.709679
8000,8000,0,0.754895
8000,8000,0,0.704042
8000,8000,0,0.725354
8000,8000,0,0.705088
8000,8000,0,0.742177
8000,8000,0,0.722439
8000,8000,0,0.715488
8000,8000,0,0.753254
8000,8000,0,0.700760
8000,8000,0,0.721306
8000,8000,0,0.735899
8000,8000,0,0.715252
8000,8000,0,0.707674
8000,8000,0,0.748082
8000,8000,0,0.723218
8000,8000,0,0.714956
8000,8000,0,0.757336
8000,8000,0,0.704998
8000,8000,0,0.697982
8000,8000,0,0.708518
8000,8000,0,0.749033
8000,8000,0,0.698793
8000,8000,0,0.720857
8000,8000,0,0.732929
8000,8000,0,0.710772
8000,8000,0,0.705980
8000,8000,0,0.745975
8000,8000,0,0.724098
8000,8000,0,0.714938
8000,8000,0,0.752758
8000,8000,0,0.703677
8000,8000,0,0.721495
8000,8000,0,0.762013
8000,8000,0,0.709835
8000,8000,0,0.701800
8000,8000,0,0.741980
8000,8000,0,0.717899
8000,8000,0,0.712594
8000,8000,0,0.753448
8000,8000,0,0.702381
8000,8000,0,0.723953
8000,8000,0,0.736345
8000,8000,0,0.714086
8000,8000,0,0.710880
8000,8000,0,0.747867
8000,8000,0,0.724439
8000,8000,0,0.716427
8000,8000,0,0.758625
8000,8000,0,0.762934
8000,8000,0,0.713192
8000,8000,0,0.704209
8000,8000,0,0.748753
8000,8000,0,0.698279
8000,8000,0,0.718567
8000,8000,0,0.758450
8000,8000,0,0.708304
8000,8000,0,0.700985
8000,8000,0,0.742154
8000,8000,0,0.718541
8000,8000,0,0.709086
8000,8000,0,0.747333
8000,8000,0,0.727196
8000,8000,0,0.716190
8000,8000,0,0.758571
8000,8000,0,0.709779
8000,8000,0,0.702552
8000,8000,0,0.744662
8000,8000,0,0.696010
8000,8000,0,0.717143
8000,8000,0,0.758807
8000,8000,0,0.710042
8000,8000,0,0.703457
8000,8000,0,0.740762
8000,8000,0,0.718244
8000,8000,0,0.710715
8000,8000,0,0.751499
8000,8000,0,0.699195
8000,8000,0,0.719897
8000,8000,0,0.734598
8000,8000,0,0.711252
8000,8000,0,0.706859
8000,8000,0,0.742511
8000,8000,0,0.721407
8000,8000,0,0.714183
8000,8000,0,0.753744
8000,8000,0,0.704289
8000,8000,0,0.725401
8000,8000,0,0.736941
8000,8000,0,0.714249
8000,8000,0,0.705314
8000,8000,0,0.748254
8000,8000,0,0.697619
8000,8000,0,0.717951
8000,8000,0,0.760859
8000,8000,0,0.707800
8000,8000,0,0.700726
8000,8000,0,0.741512
8000,8000,0,0.719794
8000,8000,0,0.712377
8000,8000,0,0.752951
8000,8000,0,0.703840
8000,8000,0,0.724706
8000,8000,0,0.739762
8000,8000,0,0.714216
8000,8000,0,0.706200
8000,8000,0,0.745705
8000,8000,0,0.723691
8000,8000,0,0.716569
8000,8000,0,0.755847
8000,8000,0,0.707269
8000,8000,0,0.729147
8000,8000,0,0.739903
8000,8000,0,0.714309
8000,8000,0,0.706250
8000,8000,0,0.744394
8000,8000,0,0.720474
8000,8000,0,0.713551
8000,8000,0,0.752725
8000,8000,0,0.703390
8000,8000,0,0.723489
8000,8000,0,0.737294
8000,8000,0,0.713537
8000,8000,0,0.705375
8000,8000,0,0.742482
8000,8000,0,0.719742
8000,8000,0,0.708526
8000,8000,0,0.750526
8000,8000,0,0.723514
8000,8000,0,0.716765
8000,8000,0,0.759141
8000,8000,0,0.707130
8000,8000,0,0.726330
8000,8000,0,0.736989
8000,8000,0,0.712651
8000,8000,0,0.705317
8000,8000,0,0.747273
8000,8000,0,0.698243
8000,8000,0,0.719779
8000,8000,0,0.759471
8000,8000,0,0.708054
8000,8000,0,0.702935
8000,8000,0,0.741228
8000,8000,0,0.716508
8000,8000,0,0.706625
8000,8000,0,0.748593
8000,8000,0,0.722955
8000,8000,0,0.713872
8000,8000,0,0.754928
8000,8000,0,0.703710
8000,8000,0,0.725199
8000,8000,0,0.737602
8000,8000,0,0.712404
8000,8000,0,0.710414
8000,8000,0,0.746711
8000,8000,0,0.721763
8000,8000,0,0.712975
8000,8000,0,0.750353
8000,8000,0,0.701500
8000,8000,0,0.719984
8000,8000,0,0.733157
8000,8000,0,0.712589
8000,8000,0,0.705630
8000,8000,0,0.744553
8000,8000,0,0.720971
8000,8000,0,0.713860
8000,8000,0,0.757018
8000,8000,0,0.704335
8000,8000,0,0.724522
8000,8000,0,0.733880
8000,8000,0,0.710142
8000,8000,0,0.706202
8000,8000,0,0.742902
8000,8000,0,0.719933
8000,8000,0,0.714181
8000,8000,0,0.755682
8000,8000,0,0.704412
8000,8000,0,0.722060
8000,8000,0,0.735176
8000,8000,0,0.714819
8000,8000,0,0.706675
8000,8000,0,0.746413
8000,8000,0,0.722269
8000,8000,0,0.717422
8000,8000,0,0.755587
8000,8000,0,0.705123
8000,8000,0,0.723399
8000,8000,0,0.737459
8000,8000,0,0.711051
8000,8000,0,0.706165
8000,8000,0,0.743942
8000,8000,0,0.720652
8000,8000,0,0.712342
8000,8000,0,0.750908
8000,8000,0,0.700600
8000,8000,0,0.720611
8000,8000,0,0.737175
8000,8000,0,0.710407
8000,8000,0,0.702730
8000,8000,0,0.744250
8000,8000,0,0.721535
8000,8000,0,0.712243
8000,8000,0,0.751728
8000,8000,0,0.701818
8000,8000,0,0.724252
8000,8000,0,0.736584
8000,8000,0,0.712161
8000,8000,0,0.706117
8000,8000,0,0.744850
8000,8000,0,0.718334
8000,8000,0,0.711620
8000,8000,0,0.751775
8000,8000,0,0.700125
8000,8000,0,0.719412
8000,8000,0,0.759258
8000,8000,0,0.711352
8000,8000,0,0.728826
8000,8000,0,0.739439
8000,8000,0,0.714622
8000,8000,0,0.706886
8000,8000,0,0.744559
8000,8000,0,0.723724
8000,8000,0,0.717867
8000,8000,0,0.755148
8000,8000,0,0.703073
8000,8000,0,0.727542
8000,8000,0,0.740715
8000,8000,0,0.711512
8000,8000,0,0.703518
8000,8000,0,0.744883
8000,8000,0,0.718276
8000,8000,0,0.714035
8000,8000,0,0.750198
8000,8000,0,0.724179
8000,8000,0,0.716043
8000,8000,0,0.754570
8000,8000,0,0.702503
8000,8000,0,0.725162
8000,8000,0,0.737716
8000,8000,0,0.715878
8000,8000,0,0.703721
8000,8000,0,0.744013
8000,8000,0,0.720356
8000,8000,0,0.701087
8000,8000,0,0.741192
8000,8000,0,0.717317
8000,8000,0,0.711978
8000,8000,0,0.751197
8000,8000,0,0.696083
8000,8000,0,0.718840
8000,8000,0,0.758676
8000,8000,0,0.706928
8000,8000,0,0.727321
8000,8000,0,0.738713
8000,8000,0,0.715079
8000,8000,0,0.708128
8000,8000,0,0.748434
8000,8000,0,0.696796
8000,8000,0,0.717531
8000,8000,0,0.759002
8000,8000,0,0.707070
8000,8000,0,0.701304
8000,8000,0,0.740497
8000,8000,0,0.719468
8000,8000,0,0.712500
8000,8000,0,0.755853
8000,8000,0,0.702681
8000,8000,0,0.723672
8000,8000,0,0.734435
8000,8000,0,0.711232
8000,8000,0,0.705433
8000,8000,0,0.746159
8000,8000,0,0.723096
8000,8000,0,0.714561
8000,8000,0,0.751783
8000,8000,0,0.700578
8000,8000,0,0.721601
8000,8000,0,0.737089
8000,8000,0,0.712028
8000,8000,0,0.704225
8000,8000,0,0.743416
8000,8000,0,0.717476
8000,8000,0,0.710840
8000,8000,0,0.751600
8000,8000,0,0.704432
8000,8000,0,0.720770
8000,8000,0,0.733413
8000,8000,0,0.710302
8000,8000,0,0.700037
8000,8000,0,0.739818
8000,8000,0,0.717237
8000,8000,0,0.710571
8000,8000,0,0.753151
8000,8000,0,0.702441
8000,8000,0,0.726761
8000,8000,0,0.739715
8000,8000,0,0.716176
8000,8000,0,0.708459
8000,8000,0,0.746767
8000,8000,0,0.716878
8000,8000,0,0.708945
8000,8000,0,0.753450
8000,8000,0,0.703052
8000,8000,0,0.701760
8000,8000,0,0.740093
8000,8000,0,0.717404
8000,8000,0,0.708492
8000,8000,0,0.750083
8000,8000,0,0.698940
8000,8000,0,0.718160
8000,8000,0,0.756546
8000,8000,0,0.704868
8000,8000,0,0.725299
8000,8000,0,0.737014
8000,8000,0,0.712596
8000,8000,0,0.704157
8000,8000,0,0.743145
8000,8000,0,0.721749
8000,8000,0,0.715205
8000,8000,0,0.753836
8000,8000,0,0.702016
8000,8000,0,0.721239
8000,8000,0,0.733401
8000,8000,0,0.708765
8000,8000,0,0.726197
8000,8000,0,0.736786
8000,8000,0,0.713503
8000,8000,0,0.707903
8000,8000,0,0.743305
8000,8000,0,0.717000
8000,8000,0,0.711127
8000,8000,0,0.750729
8000,8000,0,0.700505
8000,8000,0,0.720344
8000,8000,0,0.757202
8000,8000,0,0.699935
8000,8000,0,0.722162
8000,8000,0,0.760370
8000,8000,0,0.707993
8000,8000,0,0.727726
8000,8000,0,0.765242
8000,8000,0,0.706405
8000,8000,0,0.725899
8000,8000,0,0.735756
8000,8000,0,0.712131
8000,8000,0,0.705851
8000,8000,0,0.744753
8000,8000,0,0.723747
8000,8000,0,0.714194
8000,8000,0,0.754217
8000,8000,0,0.701249
8000,8000,0,0.722017
8000,8000,0,0.733881
8000,8000,0,0.710284
8000,8000,0,0.704478
8000,8000,0,0.744237
8000,8000,0,0.718831
8000,8000,0,0.714375
8000,8000,0,0.753722
8000,8000,0,0.701022
8000,8000,0,0.719155
8000,8000,0,0.757128
8000,8000,0,0.702867
8000,8000,0,0.724142
8000,8000,0,0.737288
8000,8000,0,0.713005
8000,8000,0,0.706204
8000,8000,0,0.746806
8000,8000,0,0.696319
8000,8000,0,0.717861
8000,8000,0,0.756042
8000,8000,0,0.704943
8000,8000,0,0.723895
8000,8000,0,0.739163
8000,8000,0,0.712137
8000,8000,0,0.704286
8000,8000,0,0.742953
8000,8000,0,0.719919
8000,8000,0,0.711067
8000,8000,0,0.753268
8000,8000,0,0.701863
8000,8000,0,0.723461
8000,8000,0,0.737436
8000,8000,0,0.714931
8000,8000,0,0.707804
8000,8000,0,0.744749
8000,8000,0,0.696154
8000,8000,0,0.719533
8000,8000,0,0.732819
8000,8000,0,0.710146
8000,8000,0,0.705708
8000,8000,0,0.740861
8000,8000,0,0.716764
8000,8000,0,0.710157
8000,8000,0,0.753012
8000,8000,0,0.722496
8000,8000,0,0.716428
8000,8000,0,0.758379
8000,8000,0,0.842241
8000,8000,0,0.717061
8000,8000,0,0.711940
8000,8000,0,0.751031
8000,8000,0,0.699974
8000,8000,0,0.723409
8000,8000,0,0.734655
8000,8000,0,0.713562
8000,8000,0,0.704523
8000,8000,0,0.742440
8000,8000,0,0.718008
8000,8000,0,0.712157
8000,8000,0,0.750944
8000,8000,0,0.700395
8000,8000,0,0.721526
8000,8000,0,0.760591
8000,8000,0,0.707544
8000,8000,0,0.702684
8000,8000,0,0.742488
8000,8000,0,0.720275
8000,8000,0,0.712750
8000,8000,0,0.755606
8000,8000,0,0.704803
8000,8000,0,0.725985
8000,8000,0,0.738492
8000,8000,0,0.716883
8000,8000,0,0.707971
8000,8000,0,0.747452
8000,8000,0,0.723906
8000,8000,0,0.715435
8000,8000,0,0.756547
8000,8000,0,0.704590
8000,8000,0,0.726676
8000,8000,0,0.738981
8000,8000,0,0.715168
8000,8000,0,0.708728
8000,8000,0,0.748515
8000,8000,0,0.696944
8000,8000,0,0.718743
8000,8000,0,0.760881
8000,8000,0,0.709635
8000,8000,0,0.700551
8000,8000,0,0.741602
8000,8000,0,0.717483
8000,8000,0,0.709584
8000,8000,0,0.752398
8000,8000,0,0.700461
8000,8000,0,0.720791
8000,8000,0,0.760894
8000,8000,0,0.708496
8000,8000,0,0.701071
8000,8000,0,0.740709
8000,8000,0,0.716405
8000,8000,0,0.708948
8000,8000,0,0.748181
8000,8000,0,0.723712
8000,8000,0,0.716745
8000,8000,0,0.757895
8000,8000,0,0.705137
8000,8000,0,0.701733
8000,8000,0,0.740134
8000,8000,0,0.715640
8000,8000,0,0.708811
8000,8000,0,0.747255
8000,8000,0,0.696324
8000,8000,0,0.717698
8000,8000,0,0.759450
8000,8000,0,0.706072
8000,8000,0,0.700838
8000,8000,0,0.740907
8000,8000,0,0.720467
8000,8000,0,0.714448
8000,8000,0,0.752618
8000,8000,0,0.701208
8000,8000,0,0.723249
8000,8000,0,0.736148
8000,8000,0,0.715359
8000,8000,0,0.708738
8000,8000,0,0.749704
8000,8000,0,0.724595
8000,8000,0,0.716827
8000,8000,0,0.759170
8000,8000,0,0.707016
8000,8000,0,0.701560
8000,8000,0,0.742391
8000,8000,0,0.719327
8000,8000,0,0.713603
8000,8000,0,0.752677
8000,8000,0,0.703907
8000,8000,0,0.726357
8000,8000,0,0.737804
8000,8000,0,0.718137
8000,8000,0,0.709699
8000,8000,0,0.749324
8000,8000,0,0.701646
8000,8000,0,0.721885
8000,8000,0,0.736995
8000,8000,0,0.710837
8000,8000,0,0.705813
8000,8000,0,0.745926
8000,8000,0,0.723842
8000,8000,0,0.717022
8000,8000,0,0.756406
8000,8000,0,0.707957
8000,8000,0,0.724547
8000,8000,0,0.739095
8000,8000,0,0.715034
8000,8000,0,0.710757
8000,8000,0,0.750638
8000,8000,0,0.704069
8000,8000,0,0.722083
8000,8000,0,0.733957
8000,8000,0,0.710456
8000,8000,0,0.703102
8000,8000,0,0.743691
8000,8000,0,0.718132
8000,8000,0,0.710879
8000,8000,0,0.751522
8000,8000,0,0.701765
8000,8000,0,0.723296
8000,8000,0,0.735640
8000,8000,0,0.712579
8000,8000,0,0.704823
8000,8000,0,0.746788
8000,8000,0,0.727603
8000,8000,0,0.701934
8000,8000,0,0.744495
8000,8000,0,0.710009
8000,8000,0,0.703353
8000,8000,0,0.743864
8000,8000,0,0.719489
8000,8000,0,0.712361
8000,8000,0,0.752059
8000,8000,0,0.703195
8000,8000,0,0.725865
8000,8000,0,0.738323
8000,8000,0,0.713832
8000,8000,0,0.708720
8000,8000,0,0.747186
8000,8000,0,0.697602
8000,8000,0,0.719001
8000,8000,0,0.758893
8000,8000,0,0.709433
8000,8000,0,0.705983
8000,8000,0,0.741713
8000,8000,0,0.719037
8000,8000,0,0.709278
8000,8000,0,0.750731
8000,8000,0,0.701461
8000,8000,0,0.720645
8000,8000,0,0.758895
8000,8000,0,0.705439
8000,8000,0,0.726695
8000,8000,0,0.737633
8000,8000,0,0.714428
8000,8000,0,0.705741
8000,8000,0,0.745653
8000,8000,0,0.697019
8000,8000,0,0.717837
8000,8000,0,0.757657
8000,8000,0,0.707653
8000,8000,0,0.726909
8000,8000,0,0.735567
8000,8000,0,0.711756
8000,8000,0,0.707259
8000,8000,0,0.744757
8000,8000,0,0.720868
8000,8000,0,0.714877
8000,8000,0,0.756448
8000,8000,0,0.703102
8000,8000,0,0.723868
8000,8000,0,0.732893
8000,8000,0,0.710497
8000,8000,0,0.707432
8000,8000,0,0.744021
8000,8000,0,0.723215
8000,8000,0,0.712319
8000,8000,0,0.747343
8000,8000,0,0.723290
8000,8000,0,0.716173
8000,8000,0,0.756797
8000,8000,0,0.705105
8000,8000,0,0.725857
8000,8000,0,0.738771
8000,8000,0,0.717215
8000,8000,0,0.700650
8000,8000,0,0.743906
8000,8000,0,0.721981
8000,8000,0,0.712274
8000,8000,0,0.752358
8000,8000,0,0.703056
8000,8000,0,0.697689
8000,8000,0,0.739700
8000,8000,0,0.715097
8000,8000,0,0.708238
8000,8000,0,0.748540
8000,8000,0,0.697744
8000,8000,0,0.719757
8000,8000,0,0.734863
8000,8000,0,0.712797
8000,8000,0,0.705861
8000,8000,0,0.745249
8000,8000,0,0.723765
8000,8000,0,0.716964
8000,8000,0,0.758634
8000,8000,0,0.710283
8000,8000,0,0.699005
8000,8000,0,0.740311
8000,8000,0,0.716408
8000,8000,0,0.710541
8000,8000,0,0.750167
8000,8000,0,0.699275
8000,8000,0,0.718952
8000,8000,0,0.757465
8000,8000,0,0.707114
8000,8000,0,0.729003
8000,8000,0,0.739111
8000,8000,0,0.713492
8000,8000,0,0.707381
8000,8000,0,0.746485
8000,8000,0,0.722840
8000,8000,0,0.715826
8000,8000,0,0.752836
8000,8000,0,0.701890
8000,8000,0,0.724602
8000,8000,0,0.737450
8000,8000,0,0.712785
8000,8000,0,0.706361
8000,8000,0,0.746899
8000,8000,0,0.724751
8000,8000,0,0.715787
8000,8000,0,0.757548
8000,8000,0,0.706871
8000,8000,0,0.702667
8000,8000,0,0.742301
8000,8000,0,0.721864
8000,8000,0,0.715496
8000,8000,0,0.754639
8000,8000,0,0.701575
8000,8000,0,0.726337
8000,8000,0,0.738594
8000,8000,0,0.711833
8000,8000,0,0.705944
8000,8000,0,0.744019
8000,8000,0,0.721041
8000,8000,0,0.713914
8000,8000,0,0.752390
8000,8000,0,0.702367
8000,8000,0,0.722084
8000,8000,0,0.734973
8000,8000,0,0.711983
8000,8000,0,0.703946
8000,8000,0,0.744300
8000,8000,0,0.718229
8000,8000,0,0.711639
8000,8000,0,0.753504
8000,8000,0,0.701343
8000,8000,0,0.722181
8000,8000,0,0.733265
8000,8000,0,0.709555
8000,8000,0,0.701438
8000,8000,0,0.741608
8000,8000,0,0.720065
8000,8000,0,0.711694
8000,8000,0,0.747462
8000,8000,0,0.696640
8000,8000,0,0.719046
8000,8000,0,0.731315
8000,8000,0,0.711621
8000,8000,0,0.704208
8000,8000,0,0.742843
8000,8000,0,0.720248
8000,8000,0,0.715302
8000,8000,0,0.753693
8000,8000,0,0.700187
8000,8000,0,0.723694
8000,8000,0,0.735196
8000,8000,0,0.711471
8000,8000,0,0.702263
8000,8000,0,0.745545
8000,8000,0,0.718478
8000,8000,0,0.711133
8000,8000,0,0.749895
8000,8000,0,0.698706
8000,8000,0,0.719873
8000,8000,0,0.758500
8000,8000,0,0.708237
8000,8000,0,0.701165
8000,8000,0,0.740338
8000,8000,0,0.717183
8000,8000,0,0.710927
8000,8000,0,0.752675
8000,8000,0,0.701212
8000,8000,0,0.723700
8000,8000,0,0.758900
8000,8000,0,0.707481
8000,8000,0,0.702543
8000,8000,0,0.741907
8000,8000,0,0.718438
8000,8000,0,0.709782
8000,8000,0,0.749016
8000,8000,0,0.724333
8000,8000,0,0.717213
8000,8000,0,0.758005
8000,8000,0,0.707845
8000,8000,0,0.704931
8000,8000,0,0.739591
8000,8000,0,0.716346
8000,8000,0,0.709308
8000,8000,0,0.749003
8000,8000,0,0.726015
8000,8000,0,0.716811
8000,8000,0,0.758325
8000,8000,0,0.704063
8000,8000,0,0.724790
8000,8000,0,0.733511
8000,8000,0,0.709156
8000,8000,0,0.702669
8000,8000,0,0.744342
8000,8000,0,0.718985
8000,8000,0,0.712083
8000,8000,0,0.750665
8000,8000,0,0.699511
8000,8000,0,0.721368
8000,8000,0,0.760918
8000,8000,0,0.708378
8000,8000,0,0.702287
8000,8000,0,0.741346
8000,8000,0,0.718677
8000,8000,0,0.711512
8000,8000,0,0.748109
8000,8000,0,0.698823
8000,8000,0,0.720650
8000,8000,0,0.760176
8000,8000,0,0.707643
8000,8000,0,0.700287
8000,8000,0,0.740318
8000,8000,0,0.717129
8000,8000,0,0.710819
8000,8000,0,0.751067
8000,8000,0,0.698366
8000,8000,0,0.719405
8000,8000,0,0.731864
8000,8000,0,0.708809
8000,8000,0,0.700702
8000,8000,0,0.742628
8000,8000,0,0.718115
8000,8000,0,0.707965
8000,8000,0,0.745085
8000,8000,0,0.721304
8000,8000,0,0.712278
8000,8000,0,0.752491
8000,8000,0,0.730600
8000,8000,0,0.709307
8000,8000,0,0.748395
8000,8000,0,0.696961
8000,8000,0,0.718729
8000,8000,0,0.758974
8000,8000,0,0.706583
8000,8000,0,0.726946
8000,8000,0,0.737896
8000,8000,0,0.715018
8000,8000,0,0.709583
8000,8000,0,0.746674
8000,8000,0,0.724859
8000,8000,0,0.717057
8000,8000,0,0.756276
8000,8000,0,0.703446
8000,8000,0,0.700163
8000,8000,0,0.739919
8000,8000,0,0.719542
8000,8000,0,0.711185
8000,8000,0,0.749522
8000,8000,0,0.698765
8000,8000,0,0.719672
8000,8000,0,0.758941
8000,8000,0,0.706303
8000,8000,0,0.727702
8000,8000,0,0.737455
8000,8000,0,0.713569
8000,8000,0,0.754512
8000,8000,0,0.704564
8000,8000,0,0.699704
8000,8000,0,0.742246
8000,8000,0,0.716806
8000,8000,0,0.710517
8000,8000,0,0.750114
8000,8000,0,0.697660
8000,8000,0,0.720853
8000,8000,0,0.738317
8000,8000,0,0.710148
8000,8000,0,0.703483
8000,8000,0,0.745292
8000,8000,0,0.719815
8000,8000,0,0.713984
8000,8000,0,0.753293
8000,8000,0,0.702606
8000,8000,0,0.722248
8000,8000,0,0.733446
8000,8000,0,0.712857
8000,8000,0,0.705262
8000,8000,0,0.746547
8000,8000,0,0.697063
8000,8000,0,0.708335
8000,8000,0,0.750247
8000,8000,0,0.698947
8000,8000,0,0.719668
8000,8000,0,0.730535
8000,8000,0,0.712734
8000,8000,0,0.699793
8000,8000,0,0.740313
8000,8000,0,0.719485
8000,8000,0,0.714194
8000,8000,0,0.754579
8000,8000,0,0.700774
8000,8000,0,0.721770
8000,8000,0,0.761019
8000,8000,0,0.708214
8000,8000,0,0.753511
8000,8000,0,0.737641
8000,8000,0,0.714515
8000,8000,0,0.704651
8000,8000,0,0.744470
8000,8000,0,0.719714
8000,8000,0,0.712286
8000,8000,0,0.752981
8000,8000,0,0.700075
8000,8000,0,0.718006
8000,8000,0,0.758148
8000,8000,0,0.704707
8000,8000,0,0.716406
8000,8000,0,0.756564
8000,8000,0,0.707471
8000,8000,0,0.701736
8000,8000,0,0.742380
8000,8000,0,0.717228
8000,8000,0,0.703912
8000,8000,0,0.769012
8000,8000,0,0.706699
8000,8000,0,0.725964
8000,8000,0,0.735161
8000,8000,0,0.710706
8000,8000,0,0.703514
8000,8000,0,0.741328
8000,8000,0,0.716420
8000,8000,0,0.725468
8000,8000,0,0.738654
8000,8000,0,0.712215
8000,8000,0,0.707916
8000,8000,0,0.746405
8000,8000,0,0.722116
8000,8000,0,0.715697
8000,8000,0,0.753894
8000,8000,0,0.723528
8000,8000,0,0.714773
8000,8000,0,0.753570
8000,8000,0,0.701467
8000,8000,0,0.721196
8000,8000,0,0.756929
8000,8000,0,0.704764
8000,8000,0,0.725842
8000,8000,0,0.736194
8000,8000,0,0.712087
8000,8000,0,0.731873
8000,8000,0,0.738435
8000,8000,0,0.714406
8000,8000,0,0.707193
8000,8000,0,0.746728
8000,8000,0,0.722600
8000,8000,0,0.715914
8000,8000,0,0.755886
8000,8000,0,0.707471
8000,8000,0,0.728735
8000,8000,0,0.739516
8000,8000,0,0.712923
8000,8000,0,0.705926
8000,8000,0,0.744100
8000,8000,0,0.718971
8000,8000,0,0.761073
8000,8000,0,0.706429
8000,8000,0,0.723876
8000,8000,0,0.737039
8000,8000,0,0.714205
8000,8000,0,0.708402
8000,8000,0,0.749681
8000,8000,0,0.696347
8000,8000,0,0.719001
8000,8000,0,0.758295
8000,8000,0,0.708041
8000,8000,0,0.702404
8000,8000,0,0.742199
8000,8000,0,0.716955
8000,8000,0,0.710242
8000,8000,0,0.747662
8000,8000,0,0.695296
8000,8000,0,0.717648
8000,8000,0,0.758554
8000,8000,0,0.703877
8000,8000,0,0.723434
8000,8000,0,0.760623
8000,8000,0,0.707035
8000,8000,0,0.866573
8000,8000,0,0.698165
8000,8000,0,0.717960
8000,8000,0,0.755354
8000,8000,0,0.707402
8000,8000,0,0.726193
8000,8000,0,0.736455
8000,8000,0,0.715434
8000,8000,0,0.709496
8000,8000,0,0.745761
8000,8000,0,0.718782
8000,8000,0,0.704487
8000,8000,0,0.745302
8000,8000,0,0.722456
8000,8000,0,0.716181
8000,8000,0,0.752762
8000,8000,0,0.699653
8000,8000,0,0.722211
8000,8000,0,0.758327
8000,8000,0,0.706130
8000,8000,0,0.728204
8000,8000,0,0.738527
8000,8000,0,0.712562
8000,8000,0,0.704864
8000,8000,0,0.742575
8000,8000,0,0.716115
8000,8000,0,0.709071
8000,8000,0,0.746774
8000,8000,0,0.725663
8000,8000,0,0.716420
8000,8000,0,0.755790
8000,8000,0,0.703779
8000,8000,0,0.713017
8000,8000,0,0.751490
8000,8000,0,0.699837
8000,8000,0,0.722569
8000,8000,0,0.733372
8000,8000,0,0.711926
8000,8000,0,0.703718
8000,8000,0,0.744392
8000,8000,0,0.719052
8000,8000,0,0.710060
8000,8000,0,0.748243
8000,8000,0,0.724699
8000,8000,0,0.707894
8000,8000,0,0.747638
8000,8000,0,0.697372
8000,8000,0,0.717288
8000,8000,0,0.731942
8000,8000,0,0.711007
8000,8000,0,0.702523
8000,8000,0,0.741341
8000,8000,0,0.718686
8000,8000,0,0.708642
8000,8000,0,0.745995
8000,8000,0,0.722336
8000,8000,0,0.709051
8000,8000,0,0.747212
8000,8000,0,0.723732
8000,8000,0,0.716803
8000,8000,0,0.759076
8000,8000,0,0.706217
8000,8000,0,0.728333
8000,8000,0,0.737677
8000,8000,0,0.713591
8000,8000,0,0.707923
8000,8000,0,0.741412
8000,8000,0,0.714239
8000,8000,0,0.726359
8000,8000,0,0.738907
8000,8000,0,0.712600
8000,8000,0,0.706216
8000,8000,0,0.746153
8000,8000,0,0.698162
8000,8000,0,0.718668
8000,8000,0,0.758404
8000,8000,0,0.706247
8000,8000,0,0.713079
8000,8000,0,0.752645
8000,8000,0,0.702740
8000,8000,0,0.723021
8000,8000,0,0.733967
8000,8000,0,0.713483
8000,8000,0,0.723210
8000,8000,0,0.733903
8000,8000,0,0.712473
8000,8000,0,0.703237
8000,8000,0,0.742266
8000,8000,0,0.718998
8000,8000,0,0.710421
8000,8000,0,0.748966
8000,8000,0,0.724628
8000,8000,0,0.716430
8000,8000,0,0.754430
8000,8000,0,0.700379
8000,8000,0,0.722817
8000,8000,0,0.733675
8000,8000,0,0.737393
8000,8000,0,0.701747
8000,8000,0,0.741764
8000,8000,0,0.717544
8000,8000,0,0.710118
8000,8000,0,0.750174
8000,8000,0,0.697324
8000,8000,0,0.709620
8000,8000,0,0.748871
8000,8000,0,0.724711
8000,8000,0,0.717270
8000,8000,0,0.755933
8000,8000,0,0.702199
8000,8000,0,0.722902
8000,8000,0,0.735169
8000,8000,0,0.712239
8000,8000,0,0.703964
8000,8000,0,0.741117
8000,8000,0,0.718447
8000,8000,0,0.699508
8000,8000,0,0.740251
8000,8000,0,0.717457
8000,8000,0,0.711159
8000,8000,0,0.750048
8000,8000,0,0.698059
8000,8000,0,0.719072
8000,8000,0,0.757610
8000,8000,0,0.705330
8000,8000,0,0.700993
8000,8000,0,0.741154
8000,8000,0,0.715478
8000,8000,0,0.710470
8000,8000,0,0.749075
8000,8000,0,0.695891
8000,8000,0,0.719177
8000,8000,0,0.756579
8000,8000,0,0.704052
8000,8000,0,0.726837
8000,8000,0,0.737719
8000,8000,0,0.717388
8000,8000,0,0.711032
8000,8000,0,0.748849
8000,8000,0,0.698810
8000,8000,0,0.710127
8000,8000,0,0.751508
8000,8000,0,0.701840
8000,8000,0,0.720453
8000,8000,0,0.734046
8000,8000,0,0.709833
8000,8000,0,0.703461
8000,8000,0,0.743336
8000,8000,0,0.718907
8000,8000,0,0.712676
8000,8000,0,0.753736
8000,8000,0,0.701650
8000,8000,0,0.724064
8000,8000,0,0.735251
8000,8000,0,0.713955
8000,8000,0,0.708911
8000,8000,0,0.749273
8000,8000,0,0.725104
8000,8000,0,0.716561
8000,8000,0,0.757366
8000,8000,0,0.705737
8000,8000,0,0.702176
8000,8000,0,0.742903
8000,8000,0,0.716610
8000,8000,0,0.708723
8000,8000,0,0.748690
8000,8000,0,0.698037
8000,8000,0,0.709565
8000,8000,0,0.752987
8000,8000,0,0.700546
8000,8000,0,0.721864
8000,8000,0,0.736961
8000,8000,0,0.712505
8000,8000,0,0.706260
8000,8000,0,0.743174
8000,8000,0,0.722410
8000,8000,0,0.714464
8000,8000,0,0.750203
8000,8000,0,0.700383
8000,8000,0,0.721802
8000,8000,0,0.760062
8000,8000,0,0.707339
8000,8000,0,0.751668
8000,8000,0,0.700530
8000,8000,0,0.720198
8000,8000,0,0.734085
8000,8000,0,0.709734
8000,8000,0,0.705705
8000,8000,0,0.739427
8000,8000,0,0.717236
8000,8000,0,0.710229
8000,8000,0,0.750328
8000,8000,0,0.698208
8000,8000,0,0.718564
8000,8000,0,0.755910
8000,8000,0,0.704961
8000,8000,0,0.728529
8000,8000,0,0.738704
8000,8000,0,0.715839
8000,8000,0,0.708104
8000,8000,0,0.746488
8000,8000,0,0.720790
8000,8000,0,0.716405
8000,8000,0,0.755571
8000,8000,0,0.704704
8000,8000,0,0.727828
8000,8000,0,0.739288
8000,8000,0,0.714221
8000,8000,0,0.710996
8000,8000,0,0.747453
8000,8000,0,0.723743
8000,8000,0,0.717183
8000,8000,0,0.755618
8000,8000,0,0.700813
8000,8000,0,0.721455
8000,8000,0,0.761192
8000,8000,0,0.709062
8000,8000,0,0.729922
8000,8000,0,0.737987
8000,8000,0,0.712392
8000,8000,0,0.705155
8000,8000,0,0.745453
8000,8000,0,0.721945
8000,8000,0,0.714281
8000,8000,0,0.753718
8000,8000,0,0.699728
8000,8000,0,0.719644
8000,8000,0,0.755503
8000,8000,0,0.703147
8000,8000,0,0.723253
8000,8000,0,0.732835
8000,8000,0,0.709849
8000,8000,0,0.729387
8000,8000,0,0.767325
8000,8000,0,0.709375
8000,8000,0,0.705020
8000,8000,0,0.743985
8000,8000,0,0.722658
8000,8000,0,0.713381
8000,8000,0,0.754344
8000,8000,0,0.702092
8000,8000,0,0.724094
8000,8000,0,0.736305
8000,8000,0,0.712751
8000,8000,0,0.709856
8000,8000,0,0.746939
8000,8000,0,0.724917
8000,8000,0,0.714243
8000,8000,0,0.753638
8000,8000,0,0.699941
8000,8000,0,0.722241
8000,8000,0,0.733743
8000,8000,0,0.709270
8000,8000,0,0.706983
8000,8000,0,0.744622
8000,8000,0,0.722265
8000,8000,0,0.717110
8000,8000,0,0.755465
8000,8000,0,0.703466
8000,8000,0,0.726197
8000,8000,0,0.735867
8000,8000,0,0.709448
8000,8000,0,0.723066
8000,8000,0,0.734842
8000,8000,0,0.711364
8000,8000,0,0.708028
8000,8000,0,0.747086
8000,8000,0,0.697900
8000,8000,0,0.717540
8000,8000,0,0.755593
8000,8000,0,0.701838
8000,8000,0,0.724218
8000,8000,0,0.734420
8000,8000,0,0.711108
8000,8000,0,0.702374
8000,8000,0,0.744133
8000,8000,0,0.721992
8000,8000,0,0.716012
8000,8000,0,0.754489
8000,8000,0,0.700386
8000,8000,0,0.721362
8000,8000,0,0.758379
8000,8000,0,0.707975
8000,8000,0,0.702145
8000,8000,0,0.740881
8000,8000,0,0.716313
8000,8000,0,0.706796
8000,8000,0,0.747734
8000,8000,0,0.698412
8000,8000,0,0.719512
8000,8000,0,0.757669
8000,8000,0,0.708016
8000,8000,0,0.702081
8000,8000,0,0.743327
8000,8000,0,0.720568
8000,8000,0,0.713930
8000,8000,0,0.753046
8000,8000,0,0.702986
8000,8000,0,0.724865
8000,8000,0,0.732721
8000,8000,0,0.708756
8000,8000,0,0.703081
8000,8000,0,0.740704
8000,8000,0,0.718544
8000,8000,0,0.711395
8000,8000,0,0.751017
8000,8000,0,0.700352
8000,8000,0,0.721024
8000,8000,0,0.760087
8000,8000,0,0.705828
8000,8000,0,0.726063
8000,8000,0,0.738643
8000,8000,0,0.715508
8000,8000,0,0.708261
8000,8000,0,0.747853
8000,8000,0,0.698500
8000,8000,0,0.719248
8000,8000,0,0.757874
8000,8000,0,0.706528
8000,8000,0,0.726784
8000,8000,0,0.736882
8000,8000,0,0.711377
8000,8000,0,0.707118
8000,8000,0,0.743665
8000,8000,0,0.719574
8000,8000,0,0.711349
8000,8000,0,0.750048
8000,8000,0,0.724226
8000,8000,0,0.714530
8000,8000,0,0.754871
8000,8000,0,0.703395
8000,8000,0,0.724840
8000,8000,0,0.737975
8000,8000,0,0.715320
8000,8000,0,0.711193
8000,8000,0,0.750914
8000,8000,0,0.723960
8000,8000,0,0.716522
8000,8000,0,0.757963
8000,8000,0,0.704803
8000,8000,0,0.726533
8000,8000,0,0.736964
8000,8000,0,0.710830
8000,8000,0,0.731386
8000,8000,0,0.737603
8000,8000,0,0.711139
8000,8000,0,0.752095
8000,8000,0,0.700515
8000,8000,0,0.720719
8000,8000,0,0.751404
8000,8000,0,0.699296
8000,8000,0,0.717648
8000,8000,0,0.757905
8000,8000,0,0.708356
8000,8000,0,0.726741
8000,8000,0,0.740583
8000,8000,0,0.713546
8000,8000,0,0.706511
8000,8000,0,0.745342
8000,8000,0,0.721128
8000,8000,0,0.713735
8000,8000,0,0.753002
8000,8000,0,0.700447
8000,8000,0,0.709198
8000,8000,0,0.749788
8000,8000,0,0.700744
8000,8000,0,0.721870
8000,8000,0,0.735774
8000,8000,0,0.712373
8000,8000,0,0.706892
8000,8000,0,0.745550
8000,8000,0,0.695946
8000,8000,0,0.718646
8000,8000,0,0.757733
8000,8000,0,0.706467
8000,8000,0,0.726010
8000,8000,0,0.751100
8000,8000,0,0.698217
8000,8000,0,0.719351
8000,8000,0,0.757743
8000,8000,0,0.703843
8000,8000,0,0.712820
8000,8000,0,0.755291
8000,8000,0,0.702753
8000,8000,0,0.722258
8000,8000,0,0.735277
8000,8000,0,0.712865
8000,8000,0,0.705090
8000,8000,0,0.744933
8000,8000,0,0.719470
8000,8000,0,0.709576
8000,8000,0,0.746338
8000,8000,0,0.723650
8000,8000,0,0.716694
8000,8000,0,0.755375
8000,8000,0,0.703707
8000,8000,0,0.746738
8000,8000,0,0.723722
8000,8000,0,0.715045
8000,8000,0,0.753636
8000,8000,0,0.704730
8000,8000,0,0.725637
8000,8000,0,0.763138
8000,8000,0,0.704273
8000,8000,0,0.723875
8000,8000,0,0.735861
8000,8000,0,0.713076
8000,8000,0,0.707486
8000,8000,0,0.742856
8000,8000,0,0.720965
8000,8000,0,0.713088
8000,8000,0,0.750737
8000,8000,0,0.700113
8000,8000,0,0.720024
8000,8000,0,0.759063
8000,8000,0,0.706274
8000,8000,0,0.727182
8000,8000,0,0.739217
8000,8000,0,0.738858
8000,8000,0,0.704403
8000,8000,0,0.743195
8000,8000,0,0.721288
8000,8000,0,0.737809
8000,8000,0,0.715593
8000,8000,0,0.705761
8000,8000,0,0.746013
8000,8000,0,0.722978
8000,8000,0,0.712055
8000,8000,0,0.746546
8000,8000,0,0.724751
8000,8000,0,0.715963
8000,8000,0,0.754242
8000,8000,0,0.701210
8000,8000,0,0.722759
8000,8000,0,0.759723
8000,8000,0,0.706205
8000,8000,0,0.751145
8000,8000,0,0.728677
8000,8000,0,0.709781
8000,8000,0,0.747030
8000,8000,0,0.722219
8000,8000,0,0.715258
8000,8000,0,0.755388
8000,8000,0,0.730987
8000,8000,0,0.706092
8000,8000,0,0.743193
8000,8000,0,0.719198
8000,8000,0,0.710086
8000,8000,0,0.747251
8000,8000,0,0.722226
8000,8000,0,0.735751
8000,8000,0,0.711246
8000,8000,0,0.703179
8000,8000,0,0.745761
8000,8000,0,0.719682
8000,8000,0,0.711055
8000,8000,0,0.753128
8000,8000,0,0.699304
8000,8000,0,0.720675
8000,8000,0,0.755986
8000,8000,0,0.729302
8000,8000,0,0.715976
8000,8000,0,0.753509
8000,8000,0,0.701805
8000,8000,0,0.722314
8000,8000,0,0.761205
8000,8000,0,0.708390
8000,8000,0,0.720470
8000,8000,0,0.757056
8000,8000,0,0.703852
8000,8000,0,0.722537
8000,8000,0,0.762030
8000,8000,0,0.708855
8000,8000,0,0.717254
8000,8000,0,0.759237
8000,8000,0,0.707811
8000,8000,0,0.725154
8000,8000,0,0.762512
8000,8000,0,0.707248
8000,8000,0,0.726794
8000,8000,0,0.736738
8000,8000,0,0.714711
8000,8000,0,0.724446
8000,8000,0,0.733648
8000,8000,0,0.712343
8000,8000,0,0.705376
8000,8000,0,0.743874
8000,8000,0,0.717648
8000,8000,0,0.711367
8000,8000,0,0.750809
8000,8000,0,0.699836
8000,8000,0,0.719344
8000,8000,0,0.758205
8000,8000,0,0.702748
8000,8000,0,0.725930
8000,8000,0,0.737959
8000,8000,0,0.712425
8000,8000,0,0.729533
8000,8000,0,0.738498
8000,8000,0,0.715928
8000,8000,0,0.708661
8000,8000,0,0.885272
8000,8000,0,0.713821
8000,8000,0,0.704161
8000,8000,0,0.699412
8000,8000,0,0.739903
8000,8000,0,0.716170
8000,8000,0,0.710112
8000,8000,0,0.752128
8000,8000,0,0.700526
8000,8000,0,0.719990
8000,8000,0,0.757419
8000,8000,0,0.703482
8000,8000,0,0.723302
8000,8000,0,0.734857
8000,8000,0,0.709294
8000,8000,0,0.704194
8000,8000,0,0.741141
8000,8000,0,0.714971
8000,8000,0,0.724489
8000,8000,0,0.736770
8000,8000,0,0.711839
8000,8000,0,0.703962
8000,8000,0,0.742494
8000,8000,0,0.718275
8000,8000,0,0.711655
8000,8000,0,0.751984
8000,8000,0,0.698455
8000,8000,0,0.718297
8000,8000,0,0.755827
8000,8000,0,0.700318
8000,8000,0,0.719417
8000,8000,0,0.755695
8000,8000,0,0.703612
8000,8000,0,0.725254
8000,8000,0,0.737900
8000,8000,0,0.711465
8000,8000,0,0.703348
8000,8000,0,0.742486
8000,8000,0,0.715628
8000,8000,0,0.727790
8000,8000,0,0.739434
8000,8000,0,0.716193
8000,8000,0,0.708342
8000,8000,0,0.746601
8000,8000,0,0.722937
8000,8000,0,0.716641
8000,8000,0,0.754896
8000,8000,0,0.703606
8000,8000,0,0.723736
8000,8000,0,0.734478
8000,8000,0,0.708834
8000,8000,0,0.701861
8000,8000,0,0.742224
8000,8000,0,0.719424
8000,8000,0,0.713319
8000,8000,0,0.750507
8000,8000,0,0.724371
8000,8000,0,0.714272
8000,8000,0,0.754467
8000,8000,0,0.702407
8000,8000,0,0.722160
8000,8000,0,0.762463
8000,8000,0,0.708422
8000,8000,0,0.702210
8000,8000,0,0.741648
8000,8000,0,0.715712
8000,8000,0,0.757478
8000,8000,0,0.705559
8000,8000,0,0.724577
8000,8000,0,0.737581
8000,8000,0,0.715909
8000,8000,0,0.707799
8000,8000,0,0.748663
8000,8000,0,0.721530
8000,8000,0,0.715883
8000,8000,0,0.758147
8000,8000,0,0.707064
8000,8000,0,0.724988
8000,8000,0,0.736173
8000,8000,0,0.712806
8000,8000,0,0.723294
8000,8000,0,0.760142
8000,8000,0,0.708807
8000,8000,0,0.727773
8000,8000,0,0.739044
8000,8000,0,0.716597
8000,8000,0,0.708016
8000,8000,0,0.747187
8000,8000,0,0.722630
8000,8000,0,0.704909
8000,8000,0,0.743763
8000,8000,0,0.720707
8000,8000,0,0.713920
8000,8000,0,0.753293
8000,8000,0,0.698488
8000,8000,0,0.718214
8000,8000,0,0.755659
8000,8000,0,0.703102
8000,8000,0,0.724113
8000,8000,0,0.734147
8000,8000,0,0.709121
8000,8000,0,0.751544
8000,8000,0,0.701944
8000,8000,0,0.721752
8000,8000,0,0.732107
8000,8000,0,0.710532
8000,8000,0,0.702838
8000,8000,0,0.743085
8000,8000,0,0.718278
8000,8000,0,0.712125
8000,8000,0,0.749362
8000,8000,0,0.696500
8000,8000,0,0.720082
8000,8000,0,0.757080
8000,8000,0,0.703862
8000,8000,0,0.726055
8000,8000,0,0.736559
8000,8000,0,0.712085
8000,8000,0,0.705291
8000,8000,0,0.742862
8000,8000,0,0.719706
8000,8000,0,0.712404
8000,8000,0,0.751750
8000,8000,0,0.697624
8000,8000,0,0.710440
8000,8000,0,0.751235
8000,8000,0,0.725331
8000,8000,0,0.717562
8000,8000,0,0.756232
8000,8000,0,0.709061
8000,8000,0,0.726751
8000,8000,0,0.737502
8000,8000,0,0.714160
8000,8000,0,0.726703
8000,8000,0,0.737924
8000,8000,0,0.716779
8000,8000,0,0.708064
8000,8000,0,0.744110
8000,8000,0,0.720682
8000,8000,0,0.714228
8000,8000,0,0.752555
8000,8000,0,0.701813
8000,8000,0,0.712914
8000,8000,0,0.751913
8000,8000,0,0.698917
8000,8000,0,0.720087
8000,8000,0,0.759072
8000,8000,0,0.706350
8000,8000,0,0.717772
8000,8000,0,0.758716
8000,8000,0,0.708149
8000,8000,0,0.727551
8000,8000,0,0.739652
8000,8000,0,0.713593
8000,8000,0,0.708142
8000,8000,0,0.744976
8000,8000,0,0.693679
8000,8000,0,0.718755
8000,8000,0,0.755435
8000,8000,0,0.704373
8000,8000,0,0.723282
8000,8000,0,0.734238
8000,8000,0,0.710217
8000,8000,0,0.703754
8000,8000,0,0.742670
8000,8000,0,0.718054
8000,8000,0,0.709098
8000,8000,0,0.744992
8000,8000,0,0.722948
8000,8000,0,0.714599
8000,8000,0,0.754399
8000,8000,0,0.704659
8000,8000,0,0.699414
8000,8000,0,0.740809
8000,8000,0,0.720160
8000,8000,0,0.713732
8000,8000,0,0.749970
8000,8000,0,0.722563
8000,8000,0,0.714963
8000,8000,0,0.752685
8000,8000,0,0.700578
8000,8000,0,0.724050
8000,8000,0,0.761224
8000,8000,0,0.709088
8000,8000,0,0.723609
8000,8000,0,0.759930
8000,8000,0,0.705698
8000,8000,0,0.727411
8000,8000,0,0.738145
8000,8000,0,0.713633
8000,8000,0,0.707293
8000,8000,0,0.744692
8000,8000,0,0.718076
8000,8000,0,0.724545
8000,8000,0,0.737774
8000,8000,0,0.713084
8000,8000,0,0.705738
8000,8000,0,0.745239
8000,8000,0,0.720809
8000,8000,0,0.716100
8000,8000,0,0.754421
8000,8000,0,0.703058
8000,8000,0,0.722079
8000,8000,0,0.760782
8000,8000,0,0.708784
8000,8000,0,0.727680
8000,8000,0,0.739210
8000,8000,0,0.715477
8000,8000,0,0.709071
8000,8000,0,0.749549
8000,8000,0,0.724120
8000,8000,0,0.716920
8000,8000,0,0.755204
8000,8000,0,0.700934
8000,8000,0,0.719384
8000,8000,0,0.759753
8000,8000,0,0.705556
8000,8000,0,0.717187
8000,8000,0,0.755917
8000,8000,0,0.706684
8000,8000,0,0.724249
8000,8000,0,0.739183
8000,8000,0,0.710718
8000,8000,0,0.703664
8000,8000,0,0.743168
8000,8000,0,0.719546
8000,8000,0,0.711835
8000,8000,0,0.750524
8000,8000,0,0.699356
8000,8000,0,0.708393
8000,8000,0,0.747975
8000,8000,0,0.698087
8000,8000,0,0.719196
8000,8000,0,0.760071
8000,8000,0,0.708309
8000,8000,0,0.727678
8000,8000,0,0.737849
8000,8000,0,0.712543
8000,8000,0,0.721771
8000,8000,0,0.735993
8000,8000,0,0.712753
8000,8000,0,0.706794
8000,8000,0,0.746533
8000,8000,0,0.721435
8000,8000,0,0.714849
8000,8000,0,0.754506
8000,8000,0,0.702926
8000,8000,0,0.722739
8000,8000,0,0.734188
8000,8000,0,0.710111
8000,8000,0,0.700127
8000,8000,0,0.740091
8000,8000,0,0.715545
8000,8000,0,0.724637
8000,8000,0,0.735069
8000,8000,0,0.713206
8000,8000,0,0.708116
8000,8000,0,0.746098
8000,8000,0,0.697347
8000,8000,0,0.718321
8000,8000,0,0.756317
8000,8000,0,0.704281
8000,8000,0,0.728167
8000,8000,0,0.737636
8000,8000,0,0.714623
8000,8000,0,0.708421
8000,8000,0,0.750362
8000,8000,0,0.700057
8000,8000,0,0.720095
8000,8000,0,0.756098
8000,8000,0,0.705065
8000,8000,0,0.725593
8000,8000,0,0.735137
8000,8000,0,0.710713
8000,8000,0,0.702674
8000,8000,0,0.741062
8000,8000,0,0.716119
8000,8000,0,0.700125
8000,8000,0,0.742860
8000,8000,0,0.714609
8000,8000,0,0.709969
8000,8000,0,0.747666
8000,8000,0,0.697270
8000,8000,0,0.719761
8000,8000,0,0.757606
8000,8000,0,0.707462
8000,8000,0,0.727566
8000,8000,0,0.738040
8000,8000,0,0.714106
8000,8000,0,0.707311
8000,8000,0,0.745961
8000,8000,0,0.696534
8000,8000,0,0.707466
8000,8000,0,0.748171
8000,8000,0,0.724733
8000,8000,0,0.713455
8000,8000,0,0.753698
8000,8000,0,0.700620
8000,8000,0,0.722961
8000,8000,0,0.738159
8000,8000,0,0.714799
8000,8000,0,0.707607
8000,8000,0,0.746304
8000,8000,0,0.721538
8000,8000,0,0.704323
8000,8000,0,0.744019
8000,8000,0,0.723123
8000,8000,0,0.716256
8000,8000,0,0.753834
8000,8000,0,0.702758
8000,8000,0,0.724794
8000,8000,0,0.736440
8000,8000,0,0.713759
8000,8000,0,0.707223
8000,8000,0,0.745820
8000,8000,0,0.721661
8000,8000,0,0.715033
8000,8000,0,0.754705
8000,8000,0,0.700779
8000,8000,0,0.722602
8000,8000,0,0.757965
8000,8000,0,0.708370
8000,8000,0,0.699030
8000,8000,0,0.741142
8000,8000,0,0.716515
8000,8000,0,0.710229
8000,8000,0,0.751722
8000,8000,0,0.722072
8000,8000,0,0.715252
8000,8000,0,0.754954
8000,8000,0,0.703948
8000,8000,0,0.723936
8000,8000,0,0.737290
8000,8000,0,0.714031
8000,8000,0,0.705996
8000,8000,0,0.745001
8000,8000,0,0.721833
8000,8000,0,0.712799
8000,8000,0,0.751737
8000,8000,0,0.698715
8000,8000,0,0.719797
8000,8000,0,0.731949
8000,8000,0,0.709078
8000,8000,0,0.727477
8000,8000,0,0.738083
8000,8000,0,0.715462
8000,8000,0,0.700366
8000,8000,0,0.743693
8000,8000,0,0.717334
8000,8000,0,0.709764
8000,8000,0,0.750110
8000,8000,0,0.697371
8000,8000,0,0.718353
8000,8000,0,0.741797
8000,8000,0,0.719960
8000,8000,0,0.712303
8000,8000,0,0.750861
8000,8000,0,0.698719
8000,8000,0,0.721147
8000,8000,0,0.758323
8000,8000,0,0.707705
8000,8000,0,0.725784
8000,8000,0,0.761692
8000,8000,0,0.707740
8000,8000,0,0.727625
8000,8000,0,0.736793
8000,8000,0,0.711444
8000,8000,0,0.702984
8000,8000,0,0.741830
8000,8000,0,0.719128
8000,8000,0,0.711802
8000,8000,0,0.749809
8000,8000,0,0.697500
8000,8000,0,0.708290
8000,8000,0,0.746904
8000,8000,0,0.696623
8000,8000,0,0.718426
8000,8000,0,0.755582
8000,8000,0,0.703420
8000,8000,0,0.744044
8000,8000,0,0.720756
8000,8000,0,0.712768
8000,8000,0,0.754492
8000,8000,0,0.704042
8000,8000,0,0.722751
8000,8000,0,0.760441
8000,8000,0,0.708473
8000,8000,0,0.699970
8000,8000,0,0.740576
8000,8000,0,0.714772
8000,8000,0,0.707196
8000,8000,0,0.742855
8000,8000,0,0.718586
8000,8000,0,0.712410
8000,8000,0,0.751801
8000,8000,0,0.697433
8000,8000,0,0.709249
8000,8000,0,0.747841
8000,8000,0,0.697508
8000,8000,0,0.718455
8000,8000,0,0.756400
8000,8000,0,0.705884
8000,8000,0,0.722249
8000,8000,0,0.736386
8000,8000,0,0.712033
8000,8000,0,0.748773
8000,8000,0,0.697564
8000,8000,0,0.718675
8000,8000,0,0.758507
8000,8000,0,0.709575
8000,8000,0,0.702762
8000,8000,0,0.740663
8000,8000,0,0.717850
8000,8000,0,0.709312
8000,8000,0,0.747513
8000,8000,0,0.721471
8000,8000,0,0.716163
8000,8000,0,0.755260
8000,8000,0,0.730564
8000,8000,0,0.722770
8000,8000,0,0.734333
8000,8000,0,0.711183
8000,8000,0,0.703971
8000,8000,0,0.741935
8000,8000,0,0.717579
8000,8000,0,0.711118
8000,8000,0,0.748646
8000,8000,0,0.724696
8000,8000,0,0.739071
8000,8000,0,0.715709
8000,8000,0,0.711263
8000,8000,0,0.748708
8000,8000,0,0.723548
8000,8000,0,0.716554
8000,8000,0,0.758131
8000,8000,0,0.709719
8000,8000,0,0.701263
8000,8000,0,0.741065
8000,8000,0,0.709099
8000,8000,0,0.703370
8000,8000,0,0.741003
8000,8000,0,0.714231
8000,8000,0,0.705466
8000,8000,0,0.742524
8000,8000,0,0.718412
8000,8000,0,0.700384
8000,8000,0,0.739187
8000,8000,0,0.715143
8000,8000,0,0.708575
8000,8000,0,0.748431
8000,8000,0,0.722515
8000,8000,0,0.736689
8000,8000,0,0.717000
8000,8000,0,0.708234
8000,8000,0,0.748959
8000,8000,0,0.697745
8000,8000,0,0.720653
8000,8000,0,0.760630
8000,8000,0,0.707693
8000,8000,0,0.700180
8000,8000,0,0.741422
8000,8000,0,0.714108
8000,8000,0,0.706457
8000,8000,0,0.746030
8000,8000,0,0.719887
8000,8000,0,0.714534
8000,8000,0,0.751328
8000,8000,0,0.699698
8000,8000,0,0.721709
8000,8000,0,0.752021
8000,8000,0,0.701326
8000,8000,0,0.720239
8000,8000,0,0.757533
8000,8000,0,0.707641
8000,8000,0,0.724450
8000,8000,0,0.733450
8000,8000,0,0.709345
8000,8000,0,0.718526
8000,8000,0,0.757508
8000,8000,0,0.705478
8000,8000,0,0.700310
8000,8000,0,0.740525
8000,8000,0,0.716262
8000,8000,0,0.725048
8000,8000,0,0.735437
8000,8000,0,0.708932
8000,8000,0,0.702246
8000,8000,0,0.742204
8000,8000,0,0.715814
8000,8000,0,0.704814
8000,8000,0,0.741179
8000,8000,0,0.714821
8000,8000,0,0.708672
8000,8000,0,0.748485
8000,8000,0,0.697458
8000,8000,0,0.718583
8000,8000,0,0.755566
8000,8000,0,0.705197
8000,8000,0,0.720235
8000,8000,0,0.756362
8000,8000,0,0.705797
8000,8000,0,0.861104
8000,8000,0,0.708775
8000,8000,0,0.700833
8000,8000,0,0.741669
8000,8000,0,0.716663
8000,8000,0,0.708750
8000,8000,0,0.747562
8000,8000,0,0.724705
8000,8000,0,0.716155
8000,8000,0,0.752957
8000,8000,0,0.699581
8000,8000,0,0.721491
8000,8000,0,0.760835
8000,8000,0,0.707626
8000,8000,0,0.703816
8000,8000,0,0.740274
8000,8000,0,0.715427
8000,8000,0,0.705762
8000,8000,0,0.743957
8000,8000,0,0.721046
8000,8000,0,0.728167
8000,8000,0,0.738783
8000,8000,0,0.714790
8000,8000,0,0.708096
8000,8000,0,0.746863
8000,8000,0,0.720778
8000,8000,0,0.712422
8000,8000,0,0.754409
8000,8000,0,0.699155
8000,8000,0,0.718547
8000,8000,0,0.757954
8000,8000,0,0.702924
8000,8000,0,0.724775
8000,8000,0,0.762765
8000,8000,0,0.709413
8000,8000,0,0.700986
8000,8000,0,0.741087
8000,8000,0,0.713334
8000,8000,0,0.707022
8000,8000,0,0.746045
8000,8000,0,0.719876
8000,8000,0,0.703295
8000,8000,0,0.743257
8000,8000,0,0.719639
8000,8000,0,0.712996
8000,8000,0,0.748723
8000,8000,0,0.724652
8000,8000,0,0.716637
8000,8000,0,0.753457
8000,8000,0,0.703990
8000,8000,0,0.727153
8000,8000,0,0.735510
8000,8000,0,0.711331
8000,8000,0,0.706322
8000,8000,0,0.744466
8000,8000,0,0.717972
8000,8000,0,0.711069
8000,8000,0,0.748594
8000,8000,0,0.722713
8000,8000,0,0.737312
8000,8000,0,0.715652
8000,8000,0,0.708952
8000,8000,0,0.748351
8000,8000,0,0.723704
8000,8000,0,0.715490
8000,8000,0,0.755059
8000,8000,0,0.699276
8000,8000,0,0.717392
8000,8000,0,0.756487
8000,8000,0,0.704462
8000,8000,0,0.713841
8000,8000,0,0.753792
8000,8000,0,0.701887
8000,8000,0,0.722055
8000,8000,0,0.762117
8000,8000,0,0.708616
8000,8000,0,0.726577
8000,8000,0,0.735024
8000,8000,0,0.710844
8000,8000,0,0.706676
8000,8000,0,0.740559
8000,8000,0,0.716732
8000,8000,0,0.727612
8000,8000,0,0.737775
8000,8000,0,0.712228
8000,8000,0,0.702702
8000,8000,0,0.742699
8000,8000,0,0.715969
8000,8000,0,0.726457
8000,8000,0,0.738547
8000,8000,0,0.714121
8000,8000,0,0.705757
8000,8000,0,0.743604
8000,8000,0,0.715017
8000,8000,0,0.708363
8000,8000,0,0.745873
8000,8000,0,0.722009
8000,8000,0,0.761484
8000,8000,0,0.710609
8000,8000,0,0.702827
8000,8000,0,0.741478
8000,8000,0,0.716658
8000,8000,0,0.710906
8000,8000,0,0.750798
8000,8000,0,0.700147
8000,8000,0,0.718729
8000,8000,0,0.753510
8000,8000,0,0.700033
8000,8000,0,0.741909
8000,8000,0,0.718283
8000,8000,0,0.711285
8000,8000,0,0.750422
8000,8000,0,0.697930
8000,8000,0,0.717035
8000,8000,0,0.755508
8000,8000,0,0.702552
8000,8000,0,0.726360
8000,8000,0,0.734290
8000,8000,0,0.709525
8000,8000,0,0.720271
8000,8000,0,0.734032
8000,8000,0,0.710169
8000,8000,0,0.702263
8000,8000,0,0.741584
8000,8000,0,0.714798
8000,8000,0,0.709738
8000,8000,0,0.749834
8000,8000,0,0.697064
8000,8000,0,0.739665
8000,8000,0,0.715497
8000,8000,0,0.706397
8000,8000,0,0.746121
8000,8000,0,0.721943
8000,8000,0,0.714257
8000,8000,0,0.751495
8000,8000,0,0.699870
8000,8000,0,0.719277
8000,8000,0,0.755912
8000,8000,0,0.702299
8000,8000,0,0.712876
8000,8000,0,0.750777
8000,8000,0,0.697254
8000,8000,0,0.718526
8000,8000,0,0.754304
8000,8000,0,0.702909
8000,8000,0,0.723310
8000,8000,0,0.763561
8000,8000,0,0.708095
8000,8000,0,0.750087
8000,8000,0,0.700519
8000,8000,0,0.719062
8000,8000,0,0.757555
8000,8000,0,0.705481
8000,8000,0,0.727101
8000,8000,0,0.735926
8000,8000,0,0.711156
8000,8000,0,0.705348
8000,8000,0,0.742932
8000,8000,0,0.718795
8000,8000,0,0.708801
8000,8000,0,0.747867
8000,8000,0,0.719503
8000,8000,0,0.760988
8000,8000,0,0.708455
8000,8000,0,0.729602
8000,8000,0,0.738570
8000,8000,0,0.717219
8000,8000,0,0.709667
8000,8000,0,0.743653
8000,8000,0,0.720683
8000,8000,0,0.728978
8000,8000,0,0.741400
8000,8000,0,0.713404
8000,8000,0,0.706364
8000,8000,0,0.744884
8000,8000,0,0.720267
8000,8000,0,0.714734
8000,8000,0,0.750056
8000,8000,0,0.695491
8000,8000,0,0.718658
8000,8000,0,0.754645
8000,8000,0,0.701026
8000,8000,0,0.745538
8000,8000,0,0.719233
8000,8000,0,0.711857
8000,8000,0,0.753895
8000,8000,0,0.704243
8000,8000,0,0.722527
8000,8000,0,0.759660
8000,8000,0,0.708299
8000,8000,0,0.724665
8000,8000,0,0.737209
8000,8000,0,0.711925
8000,8000,0,0.703156
8000,8000,0,0.741229
8000,8000,0,0.715574
8000,8000,0,0.724177
8000,8000,0,0.737138
8000,8000,0,0.713256
8000,8000,0,0.708054
8000,8000,0,0.746813
8000,8000,0,0.696686
8000,8000,0,0.709402
8000,8000,0,0.749470
8000,8000,0,0.698154
8000,8000,0,0.740855
8000,8000,0,0.718210
8000,8000,0,0.711098
8000,8000,0,0.752038
8000,8000,0,0.699852
8000,8000,0,0.720291
8000,8000,0,0.734161
8000,8000,0,0.710742
8000,8000,0,0.703171
8000,8000,0,0.742044
8000,8000,0,0.714144
8000,8000,0,0.757629
8000,8000,0,0.704564
8000,8000,0,0.726378
8000,8000,0,0.738392
8000,8000,0,0.712225
8000,8000,0,0.703432
8000,8000,0,0.740414
8000,8000,0,0.715646
8000,8000,0,0.724431
8000,8000,0,0.736064
8000,8000,0,0.712384
8000,8000,0,0.718377
8000,8000,0,0.758801
8000,8000,0,0.707169
8000,8000,0,0.698821
8000,8000,0,0.740484
8000,8000,0,0.714369
8000,8000,0,0.724866
8000,8000,0,0.734952
8000,8000,0,0.712702
8000,8000,0,0.706356
8000,8000,0,0.743495
8000,8000,0,0.718990
8000,8000,0,0.732834
8000,8000,0,0.712119
8000,8000,0,0.705578
8000,8000,0,0.746614
8000,8000,0,0.723974
8000,8000,0,0.717524
8000,8000,0,0.755711
8000,8000,0,0.703220
8000,8000,0,0.726879
8000,8000,0,0.735794
8000,8000,0,0.712745
8000,8000,0,0.721628
8000,8000,0,0.759936
8000,8000,0,0.708604
8000,8000,0,0.729467
8000,8000,0,0.738866
8000,8000,0,0.717688
8000,8000,0,0.760257
8000,8000,0,0.709852
8000,8000,0,0.701193
8000,8000,0,0.740250
8000,8000,0,0.717030
8000,8000,0,0.711957
8000,8000,0,0.750107
8000,8000,0,0.699107
8000,8000,0,0.742176
8000,8000,0,0.718281
8000,8000,0,0.711995
8000,8000,0,0.752032
8000,8000,0,0.700907
8000,8000,0,0.722748
8000,8000,0,0.737247
8000,8000,0,0.710376
8000,8000,0,0.724353
8000,8000,0,0.738512
8000,8000,0,0.715802
8000,8000,0,0.708288
8000,8000,0,0.747448
8000,8000,0,0.696180
8000,8000,0,0.740852
8000,8000,0,0.716525
8000,8000,0,0.711704
8000,8000,0,0.749996
8000,8000,0,0.696586
8000,8000,0,0.718683
8000,8000,0,0.756290
8000,8000,0,0.703335
8000,8000,0,0.725970
8000,8000,0,0.738398
8000,8000,0,0.712579
8000,8000,0,0.723134
8000,8000,0,0.735508
8000,8000,0,0.712296
8000,8000,0,0.707918
8000,8000,0,0.743520
8000,8000,0,0.719300
8000,8000,0,0.712774
8000,8000,0,0.747786
8000,8000,0,0.721580
8000,8000,0,0.703562
8000,8000,0,0.744824
8000,8000,0,0.721442
8000,8000,0,0.714328
8000,8000,0,0.751368
8000,8000,0,0.702716
8000,8000,0,0.719769
8000,8000,0,0.758799
8000,8000,0,0.707571
8000,8000,0,0.729004
8000,8000,0,0.738634
8000,8000,0,0.712693
8000,8000,0,0.724105
8000,8000,0,0.738284
8000,8000,0,0.714216
8000,8000,0,0.706029
8000,8000,0,0.744286
8000,8000,0,0.719013
8000,8000,0,0.711295
8000,8000,0,0.752424
8000,8000,0,0.701148
8000,8000,0,0.721995
8000,8000,0,0.732569
8000,8000,0,0.710854
8000,8000,0,0.719046
8000,8000,0,0.759195
8000,8000,0,0.708290
8000,8000,0,0.702526
8000,8000,0,0.742790
8000,8000,0,0.718515
8000,8000,0,0.713189
8000,8000,0,0.751641
8000,8000,0,0.724434
8000,8000,0,0.706261
8000,8000,0,0.746385
8000,8000,0,0.722594
8000,8000,0,0.715088
8000,8000,0,0.754175
8000,8000,0,0.702799
8000,8000,0,0.720569
8000,8000,0,0.758127
8000,8000,0,0.707804
8000,8000,0,0.703113
8000,8000,0,0.743214
8000,8000,0,0.717258
8000,8000,0,0.708347
8000,8000,0,0.742226
8000,8000,0,0.718799
8000,8000,0,0.701558
8000,8000,0,0.741819
8000,8000,0,0.718663
8000,8000,0,0.711199
8000,8000,0,0.750001
8000,8000,0,0.723593
8000,8000,0,0.715947
8000,8000,0,0.756797
8000,8000,0,0.704253
8000,8000,0,0.725162
8000,8000,0,0.733696
8000,8000,0,0.709126
8000,8000,0,0.705503
8000,8000,0,0.745025
8000,8000,0,0.719661
8000,8000,0,0.735105
8000,8000,0,0.712650
8000,8000,0,0.703832
8000,8000,0,0.742884
8000,8000,0,0.720863
8000,8000,0,0.715101
8000,8000,0,0.751646
8000,8000,0,0.702694
8000,8000,0,0.726022
8000,8000,0,0.735985
8000,8000,0,0.709972
8000,8000,0,0.721849
8000,8000,0,0.735270
8000,8000,0,0.709976
8000,8000,0,0.702639
8000,8000,0,0.741764
8000,8000,0,0.719619
8000,8000,0,0.710277
8000,8000,0,0.749240
8000,8000,0,0.700156
8000,8000,0,0.709244
8000,8000,0,0.746820
8000,8000,0,0.697319
8000,8000,0,0.717716
8000,8000,0,0.758015
8000,8000,0,0.704703
8000,8000,0,0.715459
8000,8000,0,0.752406
8000,8000,0,0.700013
8000,8000,0,0.722470
8000,8000,0,0.736278
8000,8000,0,0.712496
8000,8000,0,0.704679
8000,8000,0,0.741869
8000,8000,0,0.717952
8000,8000,0,0.703712
8000,8000,0,0.740145
8000,8000,0,0.715644
8000,8000,0,0.707959
8000,8000,0,0.747507
8000,8000,0,0.720213
8000,8000,0,0.720060
8000,8000,0,0.759334
8000,8000,0,0.707227
8000,8000,0,0.728167
8000,8000,0,0.738179
8000,8000,0,0.712771
8000,8000,0,0.707206
8000,8000,0,0.745430
8000,8000,0,0.723187
8000,8000,0,0.708631
8000,8000,0,0.747557
8000,8000,0,0.724033
8000,8000,0,0.714629
8000,8000,0,0.750825
8000,8000,0,0.696802
8000,8000,0,0.739662
8000,8000,0,0.744007
8000,8000,0,0.711636
8000,8000,0,0.754385
8000,8000,0,0.705008
8000,8000,0,0.721201
8000,8000,0,0.761156
8000,8000,0,0.708870
8000,8000,0,0.730429
8000,8000,0,0.740237
8000,8000,0,0.712263
8000,8000,0,0.726056
8000,8000,0,0.738026
8000,8000,0,0.714052
8000,8000,0,0.705827
8000,8000,0,0.746157
8000,8000,0,0.723482
8000,8000,0,0.737227
8000,8000,0,0.717386
8000,8000,0,0.711564
8000,8000,0,0.750632
8000,8000,0,0.718432
8000,8000,0,0.711394
8000,8000,0,0.749653
8000,8000,0,0.725948
8000,8000,0,0.739363
8000,8000,0,0.715645
8000,8000,0,0.707524
8000,8000,0,0.751836
8000,8000,0,0.725044
8000,8000,0,0.715728
8000,8000,0,0.757013
8000,8000,0,0.706049
8000,8000,0,0.746439
8000,8000,0,0.725681
8000,8000,0,0.717247
8000,8000,0,0.756593
8000,8000,0,0.706510
8000,8000,0,0.701617
8000,8000,0,0.741204
8000,8000,0,0.714707
8000,8000,0,0.708584
8000,8000,0,0.746890
8000,8000,0,0.722287
8000,8000,0,0.734025
8000,8000,0,0.708810
8000,8000,0,0.701617
8000,8000,0,0.741874
8000,8000,0,0.721380
8000,8000,0,0.713767
8000,8000,0,0.750065
8000,8000,0,0.724990
8000,8000,0,0.716469
8000,8000,0,0.755758
